throughput_total,avg_waiting_time,avg_queue_length
320,5.0449563339598775,2.815590277777778
